{"cameraMode":{"drawMode":0,"name":"Shaded","section":"Shading Mode"},"sceneLighting":true,"audioPlay":false,"sceneViewState":{"showFog":false,"showMaterialUpdate":false,"showSkybox":false,"showFlares":false,"showImageEffects":false,"showParticleSystems":false},"in2DMode":false,"pivot":{"x":3.1039586067199709,"y":-5.699906349182129,"z":-5.226291656494141},"rotation":{"x":0.08585576713085175,"y":0.9119658470153809,"z":-0.31689873337745669,"w":0.24613352119922639},"size":4.514376163482666,"orthographic":false}