{"cameraMode":{"drawMode":0,"name":"Shaded","section":"Shading Mode"},"sceneLighting":false,"audioPlay":false,"sceneViewState":{"showFog":false,"showMaterialUpdate":false,"showSkybox":false,"showFlares":false,"showImageEffects":false,"showParticleSystems":false},"in2DMode":false,"pivot":{"x":510.1907653808594,"y":951.3803100585938,"z":890.5482788085938},"rotation":{"x":0.03358643874526024,"y":-0.02010972611606121,"z":-0.0004353437980171293,"w":-0.9994101524353027},"size":1459.94287109375,"orthographic":false}