{"cameraMode":{"drawMode":24,"name":"Light Overlap","section":"Baked Global Illumination"},"sceneLighting":false,"audioPlay":false,"sceneViewState":{"showFog":false,"showMaterialUpdate":false,"showSkybox":false,"showFlares":false,"showImageEffects":false,"showParticleSystems":false},"in2DMode":false,"pivot":{"x":-3.9052157402038576,"y":-0.38420993089675906,"z":-1.131876826286316},"rotation":{"x":-0.021035823971033098,"y":0.7922458648681641,"z":-0.025098828598856927,"w":-0.6097851395606995},"size":2.2245845794677736,"orthographic":false}