{"cameraMode":{"drawMode":24,"name":"Light Overlap","section":"Baked Global Illumination"},"sceneLighting":false,"audioPlay":false,"sceneViewState":{"showFog":false,"showMaterialUpdate":false,"showSkybox":false,"showFlares":false,"showImageEffects":false,"showParticleSystems":false},"in2DMode":false,"pivot":{"x":4.15908145904541,"y":0.149338960647583,"z":0.5471494197845459},"rotation":{"x":0.052576418966054919,"y":-0.644912838935852,"z":-0.04460417106747627,"w":-0.7611955404281616},"size":2.328705072402954,"orthographic":false}