{"cameraMode":{"drawMode":0,"name":"Shaded","section":"Shading Mode"},"sceneLighting":false,"audioPlay":false,"sceneViewState":{"showFog":false,"showMaterialUpdate":false,"showSkybox":false,"showFlares":false,"showImageEffects":false,"showParticleSystems":false},"in2DMode":false,"pivot":{"x":0.14059799909591676,"y":-0.5926167964935303,"z":-0.20005261898040772},"rotation":{"x":-0.21108920872211457,"y":-0.6764920353889465,"z":0.21379852294921876,"w":-0.6725946068763733},"size":1.414434552192688,"orthographic":false}