{"cameraMode":{"drawMode":24,"name":"Light Overlap","section":"Baked Global Illumination"},"sceneLighting":true,"audioPlay":false,"sceneViewState":{"showFog":false,"showMaterialUpdate":false,"showSkybox":false,"showFlares":false,"showImageEffects":false,"showParticleSystems":false},"in2DMode":false,"pivot":{"x":0.5474003553390503,"y":0.06943286955356598,"z":-0.7560838460922241},"rotation":{"x":0.15445958077907563,"y":-0.3508264124393463,"z":0.05693591386079788,"w":0.9221612811088562},"size":0.06283518671989441,"orthographic":false}