{"cameraMode":{"drawMode":0,"name":"Shaded","section":"Shading Mode"},"sceneLighting":true,"audioPlay":false,"sceneViewState":{"showFog":false,"showMaterialUpdate":false,"showSkybox":false,"showFlares":false,"showImageEffects":false,"showParticleSystems":false},"in2DMode":false,"pivot":{"x":867.5426025390625,"y":665.5423583984375,"z":2308.573486328125},"rotation":{"x":0.030564123764634134,"y":0.012576229870319367,"z":0.0016986049013212324,"w":-0.9994595050811768},"size":2119.811767578125,"orthographic":false}