{"cameraMode":{"drawMode":24,"name":"Light Overlap","section":"Baked Global Illumination"},"sceneLighting":false,"audioPlay":false,"sceneViewState":{"showFog":false,"showMaterialUpdate":false,"showSkybox":false,"showFlares":false,"showImageEffects":false,"showParticleSystems":false},"in2DMode":false,"pivot":{"x":-2.2369918823242189,"y":16.086387634277345,"z":12.97412109375},"rotation":{"x":-0.24460414052009583,"y":0.3547552824020386,"z":-0.09597019851207733,"w":-0.8975265622138977},"size":76.93800354003906,"orthographic":false}