{"cameraMode":{"drawMode":24,"name":"Light Overlap","section":"Baked Global Illumination"},"sceneLighting":false,"audioPlay":false,"sceneViewState":{"showFog":false,"showMaterialUpdate":false,"showSkybox":false,"showFlares":false,"showImageEffects":false,"showParticleSystems":false},"in2DMode":false,"pivot":{"x":-26.900741577148439,"y":7.6043853759765629,"z":-1.352940559387207},"rotation":{"x":0.1531042903661728,"y":0.5101747512817383,"z":-0.09280264377593994,"w":0.8412651419639587},"size":25.58690071105957,"orthographic":false}