{"cameraMode":{"drawMode":24,"name":"Light Overlap","section":"Baked Global Illumination"},"sceneLighting":false,"audioPlay":false,"sceneViewState":{"showFog":false,"showMaterialUpdate":false,"showSkybox":false,"showFlares":false,"showImageEffects":false,"showParticleSystems":false},"in2DMode":false,"pivot":{"x":-0.3906139135360718,"y":-0.7373003959655762,"z":-0.6331939101219177},"rotation":{"x":-0.06749962270259857,"y":0.906965970993042,"z":-0.15942275524139405,"w":-0.3839928209781647},"size":0.9766451716423035,"orthographic":false}