{"cameraMode":{"drawMode":24,"name":"Light Overlap","section":"Baked Global Illumination"},"sceneLighting":false,"audioPlay":false,"sceneViewState":{"showFog":false,"showMaterialUpdate":false,"showSkybox":false,"showFlares":false,"showImageEffects":false,"showParticleSystems":false},"in2DMode":false,"pivot":{"x":0.6355840563774109,"y":-1.1593276262283326,"z":0.6740144491195679},"rotation":{"x":-0.19739577174186707,"y":-0.533927857875824,"z":0.12980630993843079,"w":-0.8118889927864075},"size":1.9055893421173096,"orthographic":false}