{"cameraMode":{"drawMode":24,"name":"Light Overlap","section":"Baked Global Illumination"},"sceneLighting":false,"audioPlay":false,"sceneViewState":{"showFog":false,"showMaterialUpdate":false,"showSkybox":false,"showFlares":false,"showImageEffects":false,"showParticleSystems":false},"in2DMode":false,"pivot":{"x":31.019794464111329,"y":22.12689781188965,"z":39.610687255859378},"rotation":{"x":-0.15211221575737,"y":-0.26799747347831728,"z":0.045268990099430087,"w":-0.9505599737167358},"size":78.4139175415039,"orthographic":false}