{"cameraMode":{"drawMode":24,"name":"Light Overlap","section":"Baked Global Illumination"},"sceneLighting":false,"audioPlay":false,"sceneViewState":{"showFog":false,"showMaterialUpdate":false,"showSkybox":false,"showFlares":false,"showImageEffects":false,"showParticleSystems":false},"in2DMode":false,"pivot":{"x":1.0490355491638184,"y":0.64423006772995,"z":-1.4879279136657715},"rotation":{"x":0.1531042903661728,"y":0.5101747512817383,"z":-0.09280264377593994,"w":0.8412651419639587},"size":0.9000174403190613,"orthographic":false}