{"cameraMode":{"drawMode":0,"name":"Shaded","section":"Shading Mode"},"sceneLighting":false,"audioPlay":false,"sceneViewState":{"showFog":false,"showMaterialUpdate":false,"showSkybox":false,"showFlares":false,"showImageEffects":false,"showParticleSystems":false},"in2DMode":false,"pivot":{"x":-1.087195873260498,"y":1.2650701999664307,"z":0.2573084533214569},"rotation":{"x":0.46904489398002627,"y":-0.3708065152168274,"z":-0.7692108154296875,"w":-0.22591614723205567},"size":1.5184879302978516,"orthographic":false}