{"cameraMode":{"drawMode":0,"name":"Shaded","section":"Shading Mode"},"sceneLighting":false,"audioPlay":false,"sceneViewState":{"showFog":false,"showMaterialUpdate":false,"showSkybox":false,"showFlares":false,"showImageEffects":false,"showParticleSystems":false},"in2DMode":false,"pivot":{"x":0.1808479130268097,"y":1.174723744392395,"z":1.2512913942337037},"rotation":{"x":-0.08050030469894409,"y":-0.3738049268722534,"z":-0.9235507845878601,"w":0.03272106498479843},"size":1.8184878826141358,"orthographic":false}