{"cameraMode":{"drawMode":24,"name":"Light Overlap","section":"Baked Global Illumination"},"sceneLighting":false,"audioPlay":false,"sceneViewState":{"showFog":false,"showMaterialUpdate":false,"showSkybox":false,"showFlares":false,"showImageEffects":false,"showParticleSystems":false},"in2DMode":false,"pivot":{"x":24.634803771972658,"y":3.6223814487457277,"z":9.042723655700684},"rotation":{"x":-0.13241365551948548,"y":0.8577539324760437,"z":-0.27036502957344057,"w":-0.41725531220436098},"size":6.846769332885742,"orthographic":false}