{"cameraMode":{"drawMode":24,"name":"Light Overlap","section":"Baked Global Illumination"},"sceneLighting":false,"audioPlay":false,"sceneViewState":{"showFog":false,"showMaterialUpdate":false,"showSkybox":false,"showFlares":false,"showImageEffects":false,"showParticleSystems":false},"in2DMode":false,"pivot":{"x":-21.360511779785158,"y":3.1445415019989015,"z":4.952962875366211},"rotation":{"x":-0.23289556801319123,"y":0.2646715044975281,"z":-0.06603723019361496,"w":-0.9334874749183655},"size":0.8787763118743897,"orthographic":false}