{"cameraMode":{"drawMode":24,"name":"Light Overlap","section":"Baked Global Illumination"},"sceneLighting":false,"audioPlay":false,"sceneViewState":{"showFog":false,"showMaterialUpdate":false,"showSkybox":false,"showFlares":false,"showImageEffects":false,"showParticleSystems":false},"in2DMode":false,"pivot":{"x":-128.49391174316407,"y":-6.8558807373046879,"z":513.8688354492188},"rotation":{"x":-0.10574190318584442,"y":0.13514304161071778,"z":-0.013815230689942837,"w":-0.9852995276451111},"size":312.81494140625,"orthographic":false}