{"cameraMode":{"drawMode":24,"name":"Light Overlap","section":"Baked Global Illumination"},"sceneLighting":false,"audioPlay":false,"sceneViewState":{"showFog":false,"showMaterialUpdate":false,"showSkybox":false,"showFlares":false,"showImageEffects":false,"showParticleSystems":false},"in2DMode":false,"pivot":{"x":1.0277236700057984,"y":-0.6835474967956543,"z":2.013199806213379},"rotation":{"x":0.13917185366153718,"y":0.2412923276424408,"z":-0.03499467670917511,"w":0.9597931504249573},"size":1.753469467163086,"orthographic":false}