{"cameraMode":{"drawMode":0,"name":"Shaded","section":"Shading Mode"},"sceneLighting":true,"audioPlay":false,"sceneViewState":{"showFog":false,"showMaterialUpdate":false,"showSkybox":false,"showFlares":false,"showImageEffects":false,"showParticleSystems":false},"in2DMode":false,"pivot":{"x":6.954714298248291,"y":-2.1332685947418215,"z":0.18297308683395387},"rotation":{"x":0.11792603880167008,"y":0.6929242014884949,"z":-0.11644984036684036,"w":0.7017056941986084},"size":5.299954891204834,"orthographic":false}