{"cameraMode":{"drawMode":24,"name":"Light Overlap","section":"Baked Global Illumination"},"sceneLighting":true,"audioPlay":false,"sceneViewState":{"showFog":false,"showMaterialUpdate":false,"showSkybox":false,"showFlares":false,"showImageEffects":false,"showParticleSystems":false},"in2DMode":false,"pivot":{"x":0.0805777832865715,"y":2.339808940887451,"z":1.3276872634887696},"rotation":{"x":0.4596548080444336,"y":-0.014271272346377373,"z":-0.007092013955116272,"w":-0.8880665898323059},"size":1.5260043144226075,"orthographic":false}