{"cameraMode":{"drawMode":24,"name":"Light Overlap","section":"Baked Global Illumination"},"sceneLighting":false,"audioPlay":false,"sceneViewState":{"showFog":false,"showMaterialUpdate":false,"showSkybox":false,"showFlares":false,"showImageEffects":false,"showParticleSystems":false},"in2DMode":false,"pivot":{"x":0.17117375135421754,"y":-0.020374655723571779,"z":-0.05718987062573433},"rotation":{"x":0.47928526997566225,"y":0.5192126035690308,"z":-0.4836958050727844,"w":0.516956627368927},"size":0.6570714712142944,"orthographic":false}