{"cameraMode":{"drawMode":0,"name":"Shaded","section":"Shading Mode"},"sceneLighting":false,"audioPlay":false,"sceneViewState":{"showFog":false,"showMaterialUpdate":false,"showSkybox":false,"showFlares":false,"showImageEffects":false,"showParticleSystems":false},"in2DMode":false,"pivot":{"x":-8.071809768676758,"y":108.38473510742188,"z":-5.003847122192383},"rotation":{"x":0.1535479873418808,"y":-0.49581971764564516,"z":0.08801120519638062,"w":0.8502214550971985},"size":318.99871826171877,"orthographic":false}