{"cameraMode":{"drawMode":0,"name":"Shaded","section":"Shading Mode"},"sceneLighting":true,"audioPlay":false,"sceneViewState":{"showFog":false,"showMaterialUpdate":false,"showSkybox":false,"showFlares":false,"showImageEffects":false,"showParticleSystems":false},"in2DMode":false,"pivot":{"x":-1.509684681892395,"y":-0.21169513463974,"z":-1.1024738550186158},"rotation":{"x":-0.023670483380556108,"y":0.9277345538139343,"z":-0.05995500460267067,"w":-0.3677525818347931},"size":1.3000454902648926,"orthographic":false}