{"cameraMode":{"drawMode":24,"name":"Light Overlap","section":"Baked Global Illumination"},"sceneLighting":false,"audioPlay":false,"sceneViewState":{"showFog":false,"showMaterialUpdate":false,"showSkybox":false,"showFlares":false,"showImageEffects":false,"showParticleSystems":false},"in2DMode":false,"pivot":{"x":3.761354684829712,"y":-1.260672926902771,"z":-1.068015456199646},"rotation":{"x":-0.07788019627332688,"y":-0.7644533514976502,"z":0.09642051160335541,"w":-0.6331431865692139},"size":2.477202892303467,"orthographic":false}