{"cameraMode":{"drawMode":24,"name":"Light Overlap","section":"Baked Global Illumination"},"sceneLighting":true,"audioPlay":false,"sceneViewState":{"showFog":false,"showMaterialUpdate":false,"showSkybox":false,"showFlares":false,"showImageEffects":false,"showParticleSystems":false},"in2DMode":false,"pivot":{"x":-0.01917959377169609,"y":0.08324253559112549,"z":0.5267937779426575},"rotation":{"x":-0.33155274391174319,"y":-0.02970200590789318,"z":-0.010424140840768814,"w":0.9429329633712769},"size":0.6408044099807739,"orthographic":false}