{"cameraMode":{"drawMode":24,"name":"Light Overlap","section":"Baked Global Illumination"},"sceneLighting":false,"audioPlay":false,"sceneViewState":{"showFog":false,"showMaterialUpdate":false,"showSkybox":false,"showFlares":false,"showImageEffects":false,"showParticleSystems":false},"in2DMode":false,"pivot":{"x":4.667227745056152,"y":2.783092498779297,"z":3.2316317558288576},"rotation":{"x":0.11512643098831177,"y":0.7861778736114502,"z":-0.15402954816818238,"w":0.5873703360557556},"size":9.969023704528809,"orthographic":false}