{"cameraMode":{"drawMode":24,"name":"Light Overlap","section":"Baked Global Illumination"},"sceneLighting":false,"audioPlay":false,"sceneViewState":{"showFog":false,"showMaterialUpdate":false,"showSkybox":false,"showFlares":false,"showImageEffects":false,"showParticleSystems":false},"in2DMode":false,"pivot":{"x":6.1500244140625,"y":37.689090728759769,"z":9.717567443847657},"rotation":{"x":-0.24460414052009583,"y":0.3547552824020386,"z":-0.09597019851207733,"w":-0.8975265622138977},"size":81.94269561767578,"orthographic":false}