{"cameraMode":{"drawMode":24,"name":"Light Overlap","section":"Baked Global Illumination"},"sceneLighting":false,"audioPlay":false,"sceneViewState":{"showFog":false,"showMaterialUpdate":false,"showSkybox":false,"showFlares":false,"showImageEffects":false,"showParticleSystems":false},"in2DMode":false,"pivot":{"x":3.004643440246582,"y":0.16014139354228974,"z":0.7218673825263977},"rotation":{"x":-0.613278865814209,"y":-0.034554511308670047,"z":-0.7887192964553833,"w":0.026888670399785043},"size":2.176645040512085,"orthographic":false}