{"cameraMode":{"drawMode":24,"name":"Light Overlap","section":"Baked Global Illumination"},"sceneLighting":false,"audioPlay":false,"sceneViewState":{"showFog":false,"showMaterialUpdate":false,"showSkybox":false,"showFlares":false,"showImageEffects":false,"showParticleSystems":false},"in2DMode":false,"pivot":{"x":-0.38509219884872439,"y":-0.1501578390598297,"z":1.74799382686615},"rotation":{"x":-0.2099447250366211,"y":0.3567359745502472,"z":-0.08077586442232132,"w":-0.9070374369621277},"size":2.448697090148926,"orthographic":false}