{"cameraMode":{"drawMode":0,"name":"Shaded","section":"Shading Mode"},"sceneLighting":true,"audioPlay":false,"sceneViewState":{"showFog":false,"showMaterialUpdate":false,"showSkybox":false,"showFlares":false,"showImageEffects":false,"showParticleSystems":false},"in2DMode":false,"pivot":{"x":-2.670091152191162,"y":-1.2481367588043213,"z":-0.7950688600540161},"rotation":{"x":-0.1225774809718132,"y":0.7540667057037354,"z":-0.14556463062763215,"w":-0.629077136516571},"size":2.187784194946289,"orthographic":false}