{"cameraMode":{"drawMode":24,"name":"Light Overlap","section":"Baked Global Illumination"},"sceneLighting":false,"audioPlay":false,"sceneViewState":{"showFog":false,"showMaterialUpdate":false,"showSkybox":false,"showFlares":false,"showImageEffects":false,"showParticleSystems":false},"in2DMode":false,"pivot":{"x":-8.59054946899414,"y":14.166378021240235,"z":6.672966957092285},"rotation":{"x":-0.29545244574546816,"y":0.36678409576416018,"z":-0.12331775575876236,"w":-0.8737370371818543},"size":74.67703247070313,"orthographic":false}