{"cameraMode":{"drawMode":24,"name":"Light Overlap","section":"Baked Global Illumination"},"sceneLighting":false,"audioPlay":false,"sceneViewState":{"showFog":false,"showMaterialUpdate":false,"showSkybox":false,"showFlares":false,"showImageEffects":false,"showParticleSystems":false},"in2DMode":false,"pivot":{"x":-0.26743096113204958,"y":-0.5516288876533508,"z":0.1016739159822464},"rotation":{"x":0.0049551306292414669,"y":-0.3929663300514221,"z":-0.0005799756036140025,"w":-0.9198514819145203},"size":0.4245847463607788,"orthographic":false}