{"cameraMode":{"drawMode":0,"name":"Shaded","section":"Shading Mode"},"sceneLighting":true,"audioPlay":false,"sceneViewState":{"showFog":false,"showMaterialUpdate":false,"showSkybox":false,"showFlares":false,"showImageEffects":false,"showParticleSystems":false},"in2DMode":false,"pivot":{"x":2.869626522064209,"y":0.054716430604457858,"z":-0.052666641771793368},"rotation":{"x":-0.016430949792265893,"y":0.6963098645210266,"z":0.014070716686546803,"w":0.7175432443618774},"size":1.601923942565918,"orthographic":false}