{"cameraMode":{"drawMode":24,"name":"Light Overlap","section":"Baked Global Illumination"},"sceneLighting":false,"audioPlay":false,"sceneViewState":{"showFog":false,"showMaterialUpdate":false,"showSkybox":false,"showFlares":false,"showImageEffects":false,"showParticleSystems":false},"in2DMode":false,"pivot":{"x":4.0731024742126469,"y":-0.714672327041626,"z":-1.3931305408477784},"rotation":{"x":0.05041521415114403,"y":0.8272868990898132,"z":-0.07769666612148285,"w":0.554593026638031},"size":2.824584484100342,"orthographic":false}