{"cameraMode":{"drawMode":24,"name":"Light Overlap","section":"Baked Global Illumination"},"sceneLighting":false,"audioPlay":false,"sceneViewState":{"showFog":false,"showMaterialUpdate":false,"showSkybox":false,"showFlares":false,"showImageEffects":false,"showParticleSystems":false},"in2DMode":false,"pivot":{"x":0.6507183909416199,"y":-1.1179091930389405,"z":1.1409403085708619},"rotation":{"x":-0.1900516003370285,"y":-0.1513383984565735,"z":0.031656064093112949,"w":-0.9698171615600586},"size":4.848084449768066,"orthographic":false}