{"cameraMode":{"drawMode":24,"name":"Light Overlap","section":"Baked Global Illumination"},"sceneLighting":false,"audioPlay":false,"sceneViewState":{"showFog":false,"showMaterialUpdate":false,"showSkybox":false,"showFlares":false,"showImageEffects":false,"showParticleSystems":false},"in2DMode":false,"pivot":{"x":-1.1754564046859742,"y":0.03913003206253052,"z":0.3479703366756439},"rotation":{"x":-0.13149908185005189,"y":0.7160269021987915,"z":-0.14030469954013825,"w":-0.6710712313652039},"size":1.2766451835632325,"orthographic":false}