{"cameraMode":{"drawMode":24,"name":"Light Overlap","section":"Baked Global Illumination"},"sceneLighting":true,"audioPlay":false,"sceneViewState":{"showFog":false,"showMaterialUpdate":false,"showSkybox":false,"showFlares":false,"showImageEffects":false,"showParticleSystems":false},"in2DMode":false,"pivot":{"x":-1.0168797969818116,"y":-0.31505823135375979,"z":0.6126413345336914},"rotation":{"x":0.09652877599000931,"y":-0.41117775440216067,"z":0.041746415197849277,"w":0.9057899117469788},"size":1.1244778633117676,"orthographic":false}