{"cameraMode":{"drawMode":24,"name":"Light Overlap","section":"Baked Global Illumination"},"sceneLighting":false,"audioPlay":false,"sceneViewState":{"showFog":false,"showMaterialUpdate":false,"showSkybox":false,"showFlares":false,"showImageEffects":false,"showParticleSystems":false},"in2DMode":false,"pivot":{"x":0.2402127981185913,"y":-0.681969165802002,"z":-0.28022778034210207},"rotation":{"x":0.1741849035024643,"y":0.8167195320129395,"z":-0.45042702555656435,"w":0.3158368766307831},"size":1.4466826915740967,"orthographic":false}