{"cameraMode":{"drawMode":24,"name":"Light Overlap","section":"Baked Global Illumination"},"sceneLighting":false,"audioPlay":false,"sceneViewState":{"showFog":false,"showMaterialUpdate":false,"showSkybox":false,"showFlares":false,"showImageEffects":false,"showParticleSystems":false},"in2DMode":false,"pivot":{"x":-1.1713237762451172,"y":9.393270492553711,"z":-17.462064743041993},"rotation":{"x":0.11512643098831177,"y":0.7861778736114502,"z":-0.15402954816818238,"w":0.5873703360557556},"size":-0.714401125907898,"orthographic":false}