{"cameraMode":{"drawMode":24,"name":"Light Overlap","section":"Baked Global Illumination"},"sceneLighting":true,"audioPlay":false,"sceneViewState":{"showFog":false,"showMaterialUpdate":false,"showSkybox":false,"showFlares":false,"showImageEffects":false,"showParticleSystems":false},"in2DMode":false,"pivot":{"x":0.20936384797096253,"y":0.7786942720413208,"z":-0.5060755014419556},"rotation":{"x":-0.02401137910783291,"y":0.9194713830947876,"z":0.3883303999900818,"w":0.056880172342061999},"size":0.9408044219017029,"orthographic":false}