{"cameraMode":{"drawMode":24,"name":"Light Overlap","section":"Baked Global Illumination"},"sceneLighting":false,"audioPlay":false,"sceneViewState":{"showFog":false,"showMaterialUpdate":false,"showSkybox":false,"showFlares":false,"showImageEffects":false,"showParticleSystems":false},"in2DMode":false,"pivot":{"x":0.33072909712791445,"y":-1.1978944540023804,"z":1.5029106140136719},"rotation":{"x":-0.21920084953308106,"y":-0.09959755092859268,"z":0.024457601830363275,"w":-0.9705697298049927},"size":0.985736072063446,"orthographic":false}