{"cameraMode":{"drawMode":24,"name":"Light Overlap","section":"Baked Global Illumination"},"sceneLighting":false,"audioPlay":false,"sceneViewState":{"showFog":false,"showMaterialUpdate":false,"showSkybox":false,"showFlares":false,"showImageEffects":false,"showParticleSystems":false},"in2DMode":false,"pivot":{"x":5.2731614112854,"y":-2.5603675842285158,"z":0.18627090752124787},"rotation":{"x":0.669743001461029,"y":-0.18019719421863557,"z":0.7000654935836792,"w":0.17023323476314546},"size":3.599972724914551,"orthographic":false}