{"cameraMode":{"drawMode":24,"name":"Light Overlap","section":"Baked Global Illumination"},"sceneLighting":false,"audioPlay":false,"sceneViewState":{"showFog":false,"showMaterialUpdate":false,"showSkybox":false,"showFlares":false,"showImageEffects":false,"showParticleSystems":false},"in2DMode":false,"pivot":{"x":3.9062421321868898,"y":4.548672676086426,"z":1.2156347036361695},"rotation":{"x":0.5551775097846985,"y":0.3031698167324066,"z":0.73980313539505,"w":-0.22946932911872865},"size":3.599972724914551,"orthographic":false}