{"cameraMode":{"drawMode":24,"name":"Light Overlap","section":"Baked Global Illumination"},"sceneLighting":false,"audioPlay":false,"sceneViewState":{"showFog":false,"showMaterialUpdate":false,"showSkybox":false,"showFlares":false,"showImageEffects":false,"showParticleSystems":false},"in2DMode":false,"pivot":{"x":-2.841193675994873,"y":-1.1552733182907105,"z":-4.091909408569336},"rotation":{"x":0.03886028379201889,"y":-0.9483042359352112,"z":0.12143901735544205,"w":0.29162612557411196},"size":2.7570712566375734,"orthographic":false}