{"cameraMode":{"drawMode":24,"name":"Light Overlap","section":"Baked Global Illumination"},"sceneLighting":false,"audioPlay":false,"sceneViewState":{"showFog":false,"showMaterialUpdate":false,"showSkybox":false,"showFlares":false,"showImageEffects":false,"showParticleSystems":false},"in2DMode":false,"pivot":{"x":25.01991844177246,"y":0.8906084299087524,"z":11.652610778808594},"rotation":{"x":-0.13241365551948548,"y":0.8577539324760437,"z":-0.27036502957344057,"w":-0.41725531220436098},"size":0.8467680811882019,"orthographic":false}