{"cameraMode":{"drawMode":24,"name":"Light Overlap","section":"Baked Global Illumination"},"sceneLighting":false,"audioPlay":false,"sceneViewState":{"showFog":false,"showMaterialUpdate":false,"showSkybox":false,"showFlares":false,"showImageEffects":false,"showParticleSystems":false},"in2DMode":false,"pivot":{"x":0.8785929679870606,"y":-1.1371499300003052,"z":-0.3521791696548462},"rotation":{"x":-0.16141857206821443,"y":-0.658503532409668,"z":0.1475936323404312,"w":-0.7201324701309204},"size":2.1152536869049074,"orthographic":false}