{"cameraMode":{"drawMode":24,"name":"Light Overlap","section":"Baked Global Illumination"},"sceneLighting":true,"audioPlay":false,"sceneViewState":{"showFog":false,"showMaterialUpdate":false,"showSkybox":false,"showFlares":false,"showImageEffects":false,"showParticleSystems":false},"in2DMode":false,"pivot":{"x":-0.2803114652633667,"y":-0.8469582796096802,"z":0.3136739730834961},"rotation":{"x":0.0006233791937120259,"y":0.3365991711616516,"z":-0.000011802608241850976,"w":-0.9418419003486633},"size":1.9804952144622803,"orthographic":false}