{"cameraMode":{"drawMode":24,"name":"Light Overlap","section":"Baked Global Illumination"},"sceneLighting":false,"audioPlay":false,"sceneViewState":{"showFog":false,"showMaterialUpdate":false,"showSkybox":false,"showFlares":false,"showImageEffects":false,"showParticleSystems":false},"in2DMode":false,"pivot":{"x":1.5158137083053589,"y":20.411823272705079,"z":-8.557044982910157},"rotation":{"x":-0.24460414052009583,"y":0.3547552824020386,"z":-0.09597019851207733,"w":-0.8975265622138977},"size":35.63996505737305,"orthographic":false}