{"cameraMode":{"drawMode":24,"name":"Light Overlap","section":"Baked Global Illumination"},"sceneLighting":false,"audioPlay":false,"sceneViewState":{"showFog":false,"showMaterialUpdate":false,"showSkybox":false,"showFlares":false,"showImageEffects":false,"showParticleSystems":false},"in2DMode":false,"pivot":{"x":-0.9784996509552002,"y":-2.336243152618408,"z":-2.0932905673980715},"rotation":{"x":-0.10515519976615906,"y":0.8792120814323425,"z":-0.4093814194202423,"w":-0.2214907556772232},"size":2.6003100872039797,"orthographic":false}