{"cameraMode":{"drawMode":24,"name":"Light Overlap","section":"Baked Global Illumination"},"sceneLighting":false,"audioPlay":false,"sceneViewState":{"showFog":false,"showMaterialUpdate":false,"showSkybox":false,"showFlares":false,"showImageEffects":false,"showParticleSystems":false},"in2DMode":false,"pivot":{"x":-2.690000057220459,"y":1.590000033378601,"z":-0.6620000004768372},"rotation":{"x":-0.23289556801319123,"y":0.2646715044975281,"z":-0.06603723019361496,"w":-0.9334874749183655},"size":0.07071061432361603,"orthographic":false}