{"cameraMode":{"drawMode":24,"name":"Light Overlap","section":"Baked Global Illumination"},"sceneLighting":false,"audioPlay":false,"sceneViewState":{"showFog":false,"showMaterialUpdate":false,"showSkybox":false,"showFlares":false,"showImageEffects":false,"showParticleSystems":false},"in2DMode":false,"pivot":{"x":0.30406367778778078,"y":-0.2928200364112854,"z":-0.03203272819519043},"rotation":{"x":0.1531042903661728,"y":0.5101747512817383,"z":-0.09280264377593994,"w":0.8412651419639587},"size":1.3625929355621338,"orthographic":false}