{"cameraMode":{"drawMode":24,"name":"Light Overlap","section":"Baked Global Illumination"},"sceneLighting":false,"audioPlay":false,"sceneViewState":{"showFog":false,"showMaterialUpdate":false,"showSkybox":false,"showFlares":false,"showImageEffects":false,"showParticleSystems":false},"in2DMode":false,"pivot":{"x":-0.00039720209315419197,"y":-1.974311113357544,"z":-0.13367056846618653},"rotation":{"x":-0.000686531828250736,"y":-0.7290074825286865,"z":0.684912919998169,"w":-0.0027210151311010124},"size":2.1910955905914308,"orthographic":false}