{"cameraMode":{"drawMode":0,"name":"Shaded","section":"Shading Mode"},"sceneLighting":false,"audioPlay":false,"sceneViewState":{"showFog":false,"showMaterialUpdate":false,"showSkybox":false,"showFlares":false,"showImageEffects":false,"showParticleSystems":false},"in2DMode":false,"pivot":{"x":3.974212169647217,"y":4.776250839233398,"z":-2.3668980598449709},"rotation":{"x":0.8239511251449585,"y":0.17247527837753297,"z":0.4223780035972595,"w":-0.3363637328147888},"size":3.84668231010437,"orthographic":false}