{"cameraMode":{"drawMode":24,"name":"Light Overlap","section":"Baked Global Illumination"},"sceneLighting":false,"audioPlay":false,"sceneViewState":{"showFog":false,"showMaterialUpdate":false,"showSkybox":false,"showFlares":false,"showImageEffects":false,"showParticleSystems":false},"in2DMode":false,"pivot":{"x":122.9422607421875,"y":-15.269999504089356,"z":2.4999990463256838},"rotation":{"x":0.3007894456386566,"y":0.3559947609901428,"z":-0.12383518368005753,"w":0.8763527870178223},"size":48.50193405151367,"orthographic":false}