{"cameraMode":{"drawMode":24,"name":"Light Overlap","section":"Baked Global Illumination"},"sceneLighting":true,"audioPlay":false,"sceneViewState":{"showFog":false,"showMaterialUpdate":false,"showSkybox":false,"showFlares":false,"showImageEffects":false,"showParticleSystems":false},"in2DMode":false,"pivot":{"x":-0.011440210975706578,"y":0.0663210079073906,"z":0.1699107140302658},"rotation":{"x":0.4475031793117523,"y":-0.022282497957348825,"z":-0.011164597235620022,"w":-0.8939604163169861},"size":0.4106345474720001,"orthographic":false}