{"cameraMode":{"drawMode":24,"name":"Light Overlap","section":"Baked Global Illumination"},"sceneLighting":true,"audioPlay":false,"sceneViewState":{"showFog":false,"showMaterialUpdate":false,"showSkybox":false,"showFlares":false,"showImageEffects":false,"showParticleSystems":false},"in2DMode":false,"pivot":{"x":-0.29400330781936648,"y":2.7563869953155519,"z":-0.6720000505447388},"rotation":{"x":-0.8319303393363953,"y":0.13023293018341065,"z":0.21909980475902558,"w":0.49319350719451907},"size":1.975616693496704,"orthographic":false}