{"cameraMode":{"drawMode":0,"name":"Shaded","section":"Shading Mode"},"sceneLighting":true,"audioPlay":false,"sceneViewState":{"showFog":false,"showMaterialUpdate":false,"showSkybox":false,"showFlares":false,"showImageEffects":false,"showParticleSystems":false},"in2DMode":false,"pivot":{"x":0.04486164450645447,"y":-0.5495392084121704,"z":-1.4760009050369263},"rotation":{"x":0.0252530574798584,"y":0.9748759865760803,"z":-0.1593111902475357,"w":0.1539185345172882},"size":1.0000455379486085,"orthographic":false}