{"cameraMode":{"drawMode":24,"name":"Light Overlap","section":"Baked Global Illumination"},"sceneLighting":false,"audioPlay":false,"sceneViewState":{"showFog":false,"showMaterialUpdate":false,"showSkybox":false,"showFlares":false,"showImageEffects":false,"showParticleSystems":false},"in2DMode":false,"pivot":{"x":0.21260862052440644,"y":-1.490555763244629,"z":2.07797908782959},"rotation":{"x":-0.28103408217430117,"y":-0.10788524150848389,"z":0.03314606100320816,"w":-0.9533343315124512},"size":1.9276542663574219,"orthographic":false}