{"cameraMode":{"drawMode":24,"name":"Light Overlap","section":"Baked Global Illumination"},"sceneLighting":false,"audioPlay":false,"sceneViewState":{"showFog":false,"showMaterialUpdate":false,"showSkybox":false,"showFlares":false,"showImageEffects":false,"showParticleSystems":false},"in2DMode":false,"pivot":{"x":-0.050720423460006717,"y":1.593090295791626,"z":2.015838623046875},"rotation":{"x":-0.38747474551200869,"y":0.010460402816534043,"z":0.002856289967894554,"w":0.9221236705780029},"size":1.5910956859588624,"orthographic":false}