{"cameraMode":{"drawMode":24,"name":"Light Overlap","section":"Baked Global Illumination"},"sceneLighting":false,"audioPlay":false,"sceneViewState":{"showFog":false,"showMaterialUpdate":false,"showSkybox":false,"showFlares":false,"showImageEffects":false,"showParticleSystems":false},"in2DMode":false,"pivot":{"x":-21.53537940979004,"y":4.9111433029174809,"z":12.173593521118164},"rotation":{"x":0.1531042903661728,"y":0.5101747512817383,"z":-0.09280264377593994,"w":0.8412651419639587},"size":7.667035102844238,"orthographic":false}