{"cameraMode":{"drawMode":24,"name":"Light Overlap","section":"Baked Global Illumination"},"sceneLighting":false,"audioPlay":false,"sceneViewState":{"showFog":false,"showMaterialUpdate":false,"showSkybox":false,"showFlares":false,"showImageEffects":false,"showParticleSystems":false},"in2DMode":false,"pivot":{"x":0.742707371711731,"y":-0.882866382598877,"z":0.006123721599578857},"rotation":{"x":0.3469007909297943,"y":0.5447157621383667,"z":-0.265270859003067,"w":0.7162891626358032},"size":2.6466825008392336,"orthographic":false}