{"cameraMode":{"drawMode":24,"name":"Light Overlap","section":"Baked Global Illumination"},"sceneLighting":false,"audioPlay":false,"sceneViewState":{"showFog":false,"showMaterialUpdate":false,"showSkybox":false,"showFlares":false,"showImageEffects":false,"showParticleSystems":false},"in2DMode":false,"pivot":{"x":0.8070436716079712,"y":0.5293170809745789,"z":-1.6672401428222657},"rotation":{"x":0.9543609023094177,"y":0.03967005014419556,"z":0.25674185156822207,"w":-0.14745569229125977},"size":1.2766451835632325,"orthographic":false}