{"cameraMode":{"drawMode":24,"name":"Light Overlap","section":"Baked Global Illumination"},"sceneLighting":true,"audioPlay":false,"sceneViewState":{"showFog":false,"showMaterialUpdate":false,"showSkybox":false,"showFlares":false,"showImageEffects":false,"showParticleSystems":false},"in2DMode":false,"pivot":{"x":-1.0838946104049683,"y":1.6675201654434205,"z":0.05852058529853821},"rotation":{"x":-0.3555859923362732,"y":-0.6049442887306213,"z":-0.3474166691303253,"w":0.6222382187843323},"size":1.251391887664795,"orthographic":false}