{"cameraMode":{"drawMode":24,"name":"Light Overlap","section":"Baked Global Illumination"},"sceneLighting":false,"audioPlay":false,"sceneViewState":{"showFog":false,"showMaterialUpdate":false,"showSkybox":false,"showFlares":false,"showImageEffects":false,"showParticleSystems":false},"in2DMode":false,"pivot":{"x":-0.4790511131286621,"y":-0.36475300788879397,"z":-0.7360826134681702},"rotation":{"x":-0.06749962270259857,"y":0.906965970993042,"z":-0.15942275524139405,"w":-0.3839928209781647},"size":1.2766451835632325,"orthographic":false}