{"cameraMode":{"drawMode":0,"name":"Shaded","section":"Shading Mode"},"sceneLighting":true,"audioPlay":false,"sceneViewState":{"showFog":false,"showMaterialUpdate":false,"showSkybox":false,"showFlares":false,"showImageEffects":false,"showParticleSystems":false},"in2DMode":false,"pivot":{"x":-0.5533261299133301,"y":0.039033979177474979,"z":0.6309159398078919},"rotation":{"x":0.03303830698132515,"y":-0.3940652012825012,"z":0.01428599189966917,"w":0.9184274673461914},"size":0.7849401831626892,"orthographic":false}