{"cameraMode":{"drawMode":24,"name":"Light Overlap","section":"Baked Global Illumination"},"sceneLighting":false,"audioPlay":false,"sceneViewState":{"showFog":false,"showMaterialUpdate":false,"showSkybox":false,"showFlares":false,"showImageEffects":false,"showParticleSystems":false},"in2DMode":false,"pivot":{"x":-0.0697985291481018,"y":-1.6785171031951905,"z":2.7360587120056154},"rotation":{"x":0.33065754175186159,"y":-0.04684999957680702,"z":0.014736063778400422,"w":0.942851722240448},"size":2.3003101348876955,"orthographic":false}