{"cameraMode":{"drawMode":0,"name":"Shaded","section":"Shading Mode"},"sceneLighting":true,"audioPlay":false,"sceneViewState":{"showFog":false,"showMaterialUpdate":false,"showSkybox":false,"showFlares":false,"showImageEffects":false,"showParticleSystems":false},"in2DMode":false,"pivot":{"x":25.08643341064453,"y":2.800506114959717,"z":16.282527923583986},"rotation":{"x":-0.022467823699116708,"y":-0.9616382122039795,"z":0.26089999079704287,"w":-0.08365066349506378},"size":6.311639308929443,"orthographic":false}