{"cameraMode":{"drawMode":24,"name":"Light Overlap","section":"Baked Global Illumination"},"sceneLighting":false,"audioPlay":false,"sceneViewState":{"showFog":false,"showMaterialUpdate":false,"showSkybox":false,"showFlares":false,"showImageEffects":false,"showParticleSystems":false},"in2DMode":false,"pivot":{"x":2.4076268672943117,"y":-1.8246140480041505,"z":2.85101318359375},"rotation":{"x":0.2146821916103363,"y":0.3293432295322418,"z":-0.07902003824710846,"w":0.9164630174636841},"size":3.200309991836548,"orthographic":false}