{"cameraMode":{"drawMode":24,"name":"Light Overlap","section":"Baked Global Illumination"},"sceneLighting":false,"audioPlay":false,"sceneViewState":{"showFog":false,"showMaterialUpdate":false,"showSkybox":false,"showFlares":false,"showImageEffects":false,"showParticleSystems":false},"in2DMode":false,"pivot":{"x":4.3046875,"y":0.15906864404678346,"z":0.3700622320175171},"rotation":{"x":0.03452055901288986,"y":-0.6683250665664673,"z":-0.031131641939282419,"w":-0.7424728274345398},"size":2.328705072402954,"orthographic":false}