{"cameraMode":{"drawMode":24,"name":"Light Overlap","section":"Baked Global Illumination"},"sceneLighting":false,"audioPlay":false,"sceneViewState":{"showFog":false,"showMaterialUpdate":false,"showSkybox":false,"showFlares":false,"showImageEffects":false,"showParticleSystems":false},"in2DMode":false,"pivot":{"x":-0.08496728539466858,"y":-1.6801564693450928,"z":0.7721126079559326},"rotation":{"x":0.5085598230361939,"y":-0.11375667154788971,"z":0.0656171664595604,"w":0.8513339757919312},"size":1.7815120220184327,"orthographic":false}