{"cameraMode":{"drawMode":24,"name":"Light Overlap","section":"Baked Global Illumination"},"sceneLighting":true,"audioPlay":false,"sceneViewState":{"showFog":false,"showMaterialUpdate":false,"showSkybox":false,"showFlares":false,"showImageEffects":false,"showParticleSystems":false},"in2DMode":false,"pivot":{"x":2.3206722736358644,"y":-2.6729016304016115,"z":2.453922748565674},"rotation":{"x":0.20289675891399384,"y":0.36324337124824526,"z":-0.08102889358997345,"w":0.9058947563171387},"size":2.2939915657043459,"orthographic":false}