{"cameraMode":{"drawMode":0,"name":"Shaded","section":"Shading Mode"},"sceneLighting":true,"audioPlay":false,"sceneViewState":{"showFog":false,"showMaterialUpdate":false,"showSkybox":false,"showFlares":false,"showImageEffects":false,"showParticleSystems":false},"in2DMode":false,"pivot":{"x":0.31131458282470705,"y":-0.2043755054473877,"z":0.003522612154483795},"rotation":{"x":-0.29692575335502627,"y":-0.6140421628952026,"z":0.27064770460128786,"w":-0.6794583797454834},"size":0.9210831522941589,"orthographic":false}