{"cameraMode":{"drawMode":24,"name":"Light Overlap","section":"Baked Global Illumination"},"sceneLighting":true,"audioPlay":false,"sceneViewState":{"showFog":false,"showMaterialUpdate":false,"showSkybox":false,"showFlares":false,"showImageEffects":false,"showParticleSystems":false},"in2DMode":false,"pivot":{"x":0.13106168806552888,"y":-0.489421546459198,"z":1.204128384590149},"rotation":{"x":0.2798784077167511,"y":-0.03570583835244179,"z":0.009401781484484673,"w":0.9594683051109314},"size":0.951391875743866,"orthographic":false}