{"cameraMode":{"drawMode":24,"name":"Light Overlap","section":"Baked Global Illumination"},"sceneLighting":false,"audioPlay":false,"sceneViewState":{"showFog":false,"showMaterialUpdate":false,"showSkybox":false,"showFlares":false,"showImageEffects":false,"showParticleSystems":false},"in2DMode":false,"pivot":{"x":0.01648515835404396,"y":-4.526947498321533,"z":-0.52030348777771},"rotation":{"x":0.00726430444046855,"y":-0.7377840280532837,"z":0.6754159927368164,"w":0.005624976474791765},"size":3.3570711612701418,"orthographic":false}