{"cameraMode":{"drawMode":24,"name":"Light Overlap","section":"Baked Global Illumination"},"sceneLighting":false,"audioPlay":false,"sceneViewState":{"showFog":false,"showMaterialUpdate":false,"showSkybox":false,"showFlares":false,"showImageEffects":false,"showParticleSystems":false},"in2DMode":false,"pivot":{"x":1.4509150981903077,"y":-4.420858860015869,"z":-1.7929298877716065},"rotation":{"x":-0.15650540590286256,"y":-0.8281481862068176,"z":0.45591482520103457,"w":-0.28705552220344546},"size":3.0570712089538576,"orthographic":false}