{"cameraMode":{"drawMode":0,"name":"Shaded","section":"Shading Mode"},"sceneLighting":true,"audioPlay":false,"sceneViewState":{"showFog":false,"showMaterialUpdate":false,"showSkybox":false,"showFlares":false,"showImageEffects":false,"showParticleSystems":false},"in2DMode":false,"pivot":{"x":-0.5116403698921204,"y":-0.3558793067932129,"z":0.6110069155693054},"rotation":{"x":0.11701036244630814,"y":-0.41144052147865298,"z":0.053471338003873828,"w":0.9023626446723938},"size":0.1849401593208313,"orthographic":false}