{"cameraMode":{"drawMode":24,"name":"Light Overlap","section":"Baked Global Illumination"},"sceneLighting":false,"audioPlay":false,"sceneViewState":{"showFog":false,"showMaterialUpdate":false,"showSkybox":false,"showFlares":false,"showImageEffects":false,"showParticleSystems":false},"in2DMode":false,"pivot":{"x":127.0841064453125,"y":-301.69647216796877,"z":419.1080322265625},"rotation":{"x":-0.28889018297195437,"y":-0.12738730013370515,"z":0.03957827389240265,"w":-0.9482619166374207},"size":455.017822265625,"orthographic":false}