{"cameraMode":{"drawMode":0,"name":"Shaded","section":"Shading Mode"},"sceneLighting":true,"audioPlay":false,"sceneViewState":{"showFog":false,"showMaterialUpdate":false,"showSkybox":false,"showFlares":false,"showImageEffects":false,"showParticleSystems":false},"in2DMode":false,"pivot":{"x":0.3406188488006592,"y":-0.030934832990169526,"z":0.09004423767328263},"rotation":{"x":-0.2510261833667755,"y":-0.5466832518577576,"z":0.1782139390707016,"w":-0.7787746787071228},"size":0.321083128452301,"orthographic":false}