{"cameraMode":{"drawMode":24,"name":"Light Overlap","section":"Baked Global Illumination"},"sceneLighting":false,"audioPlay":false,"sceneViewState":{"showFog":false,"showMaterialUpdate":false,"showSkybox":false,"showFlares":false,"showImageEffects":false,"showParticleSystems":false},"in2DMode":false,"pivot":{"x":2.3967952728271486,"y":-1.7365105152130128,"z":1.7487455606460572},"rotation":{"x":-0.20779716968536378,"y":-0.43177515268325808,"z":0.10290104895830155,"w":-0.8717120885848999},"size":2.6287050247192385,"orthographic":false}