{"cameraMode":{"drawMode":24,"name":"Light Overlap","section":"Baked Global Illumination"},"sceneLighting":false,"audioPlay":false,"sceneViewState":{"showFog":false,"showMaterialUpdate":false,"showSkybox":false,"showFlares":false,"showImageEffects":false,"showParticleSystems":false},"in2DMode":false,"pivot":{"x":0.12578697502613069,"y":-0.8081343173980713,"z":-1.5275559425354005},"rotation":{"x":0.011707490310072899,"y":0.9734551906585693,"z":-0.22279992699623109,"w":0.051153089851140979},"size":1.1534695625305176,"orthographic":false}