{"cameraMode":{"drawMode":24,"name":"Light Overlap","section":"Baked Global Illumination"},"sceneLighting":true,"audioPlay":false,"sceneViewState":{"showFog":false,"showMaterialUpdate":false,"showSkybox":false,"showFlares":false,"showImageEffects":false,"showParticleSystems":false},"in2DMode":false,"pivot":{"x":0.04821297526359558,"y":-0.18414950370788575,"z":-0.26159724593162539},"rotation":{"x":-0.19978941977024079,"y":0.4099929630756378,"z":-0.09254822880029679,"w":-0.8851295709609985},"size":0.5651648044586182,"orthographic":false}