{"cameraMode":{"drawMode":0,"name":"Shaded","section":"Shading Mode"},"sceneLighting":false,"audioPlay":false,"sceneViewState":{"showFog":false,"showMaterialUpdate":false,"showSkybox":false,"showFlares":false,"showImageEffects":false,"showParticleSystems":false},"in2DMode":false,"pivot":{"x":0.05419588088989258,"y":-0.9786765575408936,"z":0.2185981124639511},"rotation":{"x":-0.2096891552209854,"y":-0.6265690326690674,"z":0.1817113757133484,"w":-0.7285031080245972},"size":2.31443452835083,"orthographic":false}