{"cameraMode":{"drawMode":24,"name":"Light Overlap","section":"Baked Global Illumination"},"sceneLighting":false,"audioPlay":false,"sceneViewState":{"showFog":false,"showMaterialUpdate":false,"showSkybox":false,"showFlares":false,"showImageEffects":false,"showParticleSystems":false},"in2DMode":false,"pivot":{"x":1.5575823783874512,"y":-1.770726203918457,"z":1.5852136611938477},"rotation":{"x":-0.28103408217430117,"y":-0.10788524150848389,"z":0.03314606100320816,"w":-0.9533343315124512},"size":2.5276544094085695,"orthographic":false}