{"cameraMode":{"drawMode":24,"name":"Light Overlap","section":"Baked Global Illumination"},"sceneLighting":true,"audioPlay":false,"sceneViewState":{"showFog":false,"showMaterialUpdate":false,"showSkybox":false,"showFlares":false,"showImageEffects":false,"showParticleSystems":false},"in2DMode":false,"pivot":{"x":-0.30792370438575747,"y":-0.2613752484321594,"z":0.08873774111270905},"rotation":{"x":0.24569858610630036,"y":-0.6292001605033875,"z":0.21905934810638429,"w":0.7042749524116516},"size":0.825229823589325,"orthographic":false}