{"cameraMode":{"drawMode":24,"name":"Light Overlap","section":"Baked Global Illumination"},"sceneLighting":false,"audioPlay":false,"sceneViewState":{"showFog":false,"showMaterialUpdate":false,"showSkybox":false,"showFlares":false,"showImageEffects":false,"showParticleSystems":false},"in2DMode":false,"pivot":{"x":-2.5428466796875,"y":0.03708934783935547,"z":9.367271423339844},"rotation":{"x":0.1531042903661728,"y":0.5101747512817383,"z":-0.09280264377593994,"w":0.8412651419639587},"size":10.237051963806153,"orthographic":false}