{"cameraMode":{"drawMode":24,"name":"Light Overlap","section":"Baked Global Illumination"},"sceneLighting":false,"audioPlay":false,"sceneViewState":{"showFog":false,"showMaterialUpdate":false,"showSkybox":false,"showFlares":false,"showImageEffects":false,"showParticleSystems":false},"in2DMode":false,"pivot":{"x":-7.734527587890625,"y":38.521240234375,"z":-2.63043212890625},"rotation":{"x":-0.12595054507255555,"y":-0.45097243785858157,"z":0.06640248000621796,"w":-0.8814300298690796},"size":94.57215881347656,"orthographic":false}