{"cameraMode":{"drawMode":24,"name":"Light Overlap","section":"Baked Global Illumination"},"sceneLighting":false,"audioPlay":false,"sceneViewState":{"showFog":false,"showMaterialUpdate":false,"showSkybox":false,"showFlares":false,"showImageEffects":false,"showParticleSystems":false},"in2DMode":false,"pivot":{"x":0.30132347345352175,"y":-0.799049973487854,"z":0.14630554616451264},"rotation":{"x":-0.08163081854581833,"y":0.18096789717674256,"z":-0.01360321044921875,"w":-0.9802836179733276},"size":1.7144808769226075,"orthographic":false}