{"cameraMode":{"drawMode":24,"name":"Light Overlap","section":"Baked Global Illumination"},"sceneLighting":false,"audioPlay":false,"sceneViewState":{"showFog":false,"showMaterialUpdate":false,"showSkybox":false,"showFlares":false,"showImageEffects":false,"showParticleSystems":false},"in2DMode":false,"pivot":{"x":2.9424993991851808,"y":-0.8455550670623779,"z":1.6127042770385743},"rotation":{"x":-0.10797284543514252,"y":-0.4512406885623932,"z":0.055071353912353519,"w":-0.8841780424118042},"size":1.7287051677703858,"orthographic":false}