{"cameraMode":{"drawMode":24,"name":"Light Overlap","section":"Baked Global Illumination"},"sceneLighting":true,"audioPlay":false,"sceneViewState":{"showFog":false,"showMaterialUpdate":false,"showSkybox":false,"showFlares":false,"showImageEffects":false,"showParticleSystems":false},"in2DMode":false,"pivot":{"x":-0.5684939026832581,"y":-1.2204636335372925,"z":-0.08155380189418793},"rotation":{"x":0.5749475359916687,"y":0.424154132604599,"z":-0.5084404945373535,"w":0.48092320561408999},"size":1.574770212173462,"orthographic":false}