{"cameraMode":{"drawMode":0,"name":"Shaded","section":"Shading Mode"},"sceneLighting":true,"audioPlay":false,"sceneViewState":{"showFog":false,"showMaterialUpdate":false,"showSkybox":false,"showFlares":false,"showImageEffects":false,"showParticleSystems":false},"in2DMode":false,"pivot":{"x":1.0732723474502564,"y":-0.6411809921264648,"z":1.9864656925201417},"rotation":{"x":0.10271091014146805,"y":0.15670599043369294,"z":-0.017779873684048654,"w":0.9822227358818054},"size":1.3019239902496338,"orthographic":false}