{"cameraMode":{"drawMode":24,"name":"Light Overlap","section":"Baked Global Illumination"},"sceneLighting":false,"audioPlay":false,"sceneViewState":{"showFog":false,"showMaterialUpdate":false,"showSkybox":false,"showFlares":false,"showImageEffects":false,"showParticleSystems":false},"in2DMode":false,"pivot":{"x":-0.23384138941764832,"y":-0.04558027163147926,"z":1.9101383686065674},"rotation":{"x":-0.2446262240409851,"y":0.3319203853607178,"z":-0.08772949129343033,"w":-0.9071214199066162},"size":1.8486971855163575,"orthographic":false}