{"cameraMode":{"drawMode":24,"name":"Light Overlap","section":"Baked Global Illumination"},"sceneLighting":false,"audioPlay":false,"sceneViewState":{"showFog":false,"showMaterialUpdate":false,"showSkybox":false,"showFlares":false,"showImageEffects":false,"showParticleSystems":false},"in2DMode":false,"pivot":{"x":1.2197444438934327,"y":2.321413040161133,"z":1.7265673875808716},"rotation":{"x":-0.28454849123954775,"y":-0.3319171369075775,"z":-0.8931849598884583,"w":0.10573892295360565},"size":1.8766450881958008,"orthographic":false}