{"cameraMode":{"drawMode":0,"name":"Shaded","section":"Shading Mode"},"sceneLighting":false,"audioPlay":false,"sceneViewState":{"showFog":false,"showMaterialUpdate":false,"showSkybox":false,"showFlares":false,"showImageEffects":false,"showParticleSystems":false},"in2DMode":false,"pivot":{"x":-0.2743765413761139,"y":1.2839686870574952,"z":0.9940040111541748},"rotation":{"x":0.06314556300640106,"y":-0.4019198715686798,"z":-0.9132001399993897,"w":-0.027700554579496385},"size":1.5184879302978516,"orthographic":false}