{"cameraMode":{"drawMode":24,"name":"Light Overlap","section":"Baked Global Illumination"},"sceneLighting":false,"audioPlay":false,"sceneViewState":{"showFog":false,"showMaterialUpdate":false,"showSkybox":false,"showFlares":false,"showImageEffects":false,"showParticleSystems":false},"in2DMode":false,"pivot":{"x":-0.05814286321401596,"y":-0.08507300913333893,"z":-0.15400177240371705},"rotation":{"x":-0.001291648717597127,"y":-0.8168284296989441,"z":0.5773828029632568,"w":-0.004536407068371773},"size":0.6869803667068481,"orthographic":false}