{"cameraMode":{"drawMode":0,"name":"Shaded","section":"Shading Mode"},"sceneLighting":true,"audioPlay":false,"sceneViewState":{"showFog":false,"showMaterialUpdate":false,"showSkybox":false,"showFlares":false,"showImageEffects":false,"showParticleSystems":false},"in2DMode":false,"pivot":{"x":3.3707988262176515,"y":-4.192227363586426,"z":-6.15814208984375},"rotation":{"x":0.06239021196961403,"y":0.9379398226737976,"z":-0.2414345145225525,"w":0.2411334365606308},"size":4.514376163482666,"orthographic":false}