{"cameraMode":{"drawMode":24,"name":"Light Overlap","section":"Baked Global Illumination"},"sceneLighting":false,"audioPlay":false,"sceneViewState":{"showFog":false,"showMaterialUpdate":false,"showSkybox":false,"showFlares":false,"showImageEffects":false,"showParticleSystems":false},"in2DMode":false,"pivot":{"x":1.0344350337982178,"y":-2.6387689113616945,"z":-1.652695655822754},"rotation":{"x":0.1857336163520813,"y":0.8114351630210877,"z":-0.4197338819503784,"w":0.3625539541244507},"size":2.9466822147369386,"orthographic":false}