{"cameraMode":{"drawMode":24,"name":"Light Overlap","section":"Baked Global Illumination"},"sceneLighting":false,"audioPlay":false,"sceneViewState":{"showFog":false,"showMaterialUpdate":false,"showSkybox":false,"showFlares":false,"showImageEffects":false,"showParticleSystems":false},"in2DMode":false,"pivot":{"x":0.5437005162239075,"y":-0.724876880645752,"z":-0.12481426447629929},"rotation":{"x":0.37415993213653567,"y":0.5946316123008728,"z":-0.36375486850738528,"w":0.6116446256637573},"size":1.1466827392578126,"orthographic":false}