{"cameraMode":{"drawMode":24,"name":"Light Overlap","section":"Baked Global Illumination"},"sceneLighting":true,"audioPlay":false,"sceneViewState":{"showFog":false,"showMaterialUpdate":false,"showSkybox":false,"showFlares":false,"showImageEffects":false,"showParticleSystems":false},"in2DMode":false,"pivot":{"x":-39.33585739135742,"y":-218.84805297851563,"z":257.3026428222656},"rotation":{"x":0.33947762846946719,"y":-0.05720691382884979,"z":0.018916012719273568,"w":0.9389808773994446},"size":184.88743591308595,"orthographic":false}