{"cameraMode":{"drawMode":0,"name":"Shaded","section":"Shading Mode"},"sceneLighting":false,"audioPlay":false,"sceneViewState":{"showFog":false,"showMaterialUpdate":false,"showSkybox":false,"showFlares":false,"showImageEffects":false,"showParticleSystems":false},"in2DMode":false,"pivot":{"x":-0.2209271937608719,"y":1.6900196075439454,"z":0.5830929279327393},"rotation":{"x":-0.04384306073188782,"y":-0.5076003074645996,"z":-0.8602153062820435,"w":0.026014037430286409},"size":1.8184878826141358,"orthographic":false}